"AvailableTranscripts";"Rated";"DatePosted"
Any["Arabic","Burmese","Chinese, Simplified","Chinese, Traditional","Czech","Dutch","English","French","Hebrew","Hindi","Hungarian","Indonesian","Italian","Japanese","Korean","Persian","Portuguese","Portuguese, Brazilian","Romanian","Russian","Serbian","Slovak","Spanish","Telugu","Thai","Turkish","Ukrainian","Vietnamese"];String["Inspiring, Ingenious"];"Jan 2016"
Any["Arabic","Chinese, Simplified","Chinese, Traditional","Dutch","English","Greek","Hebrew","Hungarian","Italian","Japanese","Korean","Persian","Polish","Portuguese, Brazilian","Russian","Serbian","Spanish","Swedish","Turkish","Vietnamese"];String["Inspiring, Persuasive"];"Mar 2016"
Any["Arabic","Bulgarian","Chinese, Simplified","English","Estonian","French","French (Canada)","Georgian","German","Gujarati","Hebrew","Hungarian","Indonesian","Italian","Japanese","Korean","Lithuanian","Macedonian","Persian","Portuguese","Portuguese, Brazilian","Romanian","Russian","Serbian","Spanish","Telugu","Turkish","Vietnamese"];String["Inspiring, Informative"];"Nov 2016"
Any["Arabic","Bulgarian","Chinese, Simplified","Chinese, Traditional","Croatian","Dutch","English","Finnish","French","German","Greek","Hebrew","Italian","Japanese","Korean","Persian","Polish","Portuguese","Portuguese, Brazilian","Russian","Serbian","Spanish","Swedish","Thai","Turkish","Vietnamese"];String["Inspiring, Informative"];"Feb 2016"
Any["Arabic","Basque","Catalan","Chinese, Simplified","Chinese, Traditional","Dutch","English","French","German","Greek","Hebrew","Hungarian","Italian","Japanese","Korean","Macedonian","Persian","Portuguese","Portuguese, Brazilian","Russian","Serbian","Spanish","Turkish","Vietnamese"];String["Inspiring, Informative"];"Mar 2016"
Any["Albanian","Arabic","Armenian","Belarusian","Bulgarian","Chinese, Simplified","Chinese, Traditional","Croatian","Czech","Dutch","English","French","Galician","German","Greek","Hebrew","Hungarian","Indonesian","Italian","Japanese","Korean","Latvian","Persian","Polish","Portuguese","Portuguese, Brazilian","Romanian","Russian","Serbian","Slovak","Slovenian","Spanish","Thai","Turkish","Ukrainian","Vietnamese"];String["Beautiful, Fascinating"];"Nov 2011"
Any["Arabic","English","French","German","Indonesian","Korean","Portuguese, Brazilian","Russian","Spanish","Swedish","Turkish","Vietnamese"];String["Inspiring, Informative"];"Nov 2016"
Any["Arabic","Burmese","Chinese, Simplified","Chinese, Traditional","Croatian","Danish","Dutch","English","French","Greek","Hebrew","Hungarian","Italian","Japanese","Korean","Persian","Polish","Portuguese","Portuguese, Brazilian","Russian","Serbian","Spanish","Telugu","Thai","Turkish","Ukrainian","Vietnamese"];String["Informative, Funny"];"Dec 2015"
Any["Arabic","Belarusian","Bulgarian","Burmese","Chinese, Simplified","Chinese, Traditional","Croatian","Czech","Dutch","English","Finnish","French","Georgian","German","Greek","Hebrew","Hungarian","Italian","Japanese","Korean","Persian","Polish","Portuguese","Portuguese, Brazilian","Romanian","Russian","Serbian","Spanish","Swedish","Thai","Turkish","Vietnamese"];String["Fascinating, Informative"];"Feb 2016"
Any["Albanian","Arabic","Bulgarian","Chinese, Simplified","Chinese, Traditional","Croatian","Czech","Danish","Dutch","English","French","German","Greek","Hebrew","Hungarian","Indonesian","Italian","Japanese","Korean","Kurdish","Lithuanian","Macedonian","Malay","Persian","Polish","Portuguese","Portuguese, Brazilian","Romanian","Russian","Serbian","Spanish","Swedish","Turkish","Ukrainian","Vietnamese"];String["Informative, Fascinating"];"Nov 2011"
Any["Arabic","Bulgarian","Burmese","Chinese, Simplified","Chinese, Traditional","Croatian","Dutch","English","French","German","Greek","Hebrew","Hungarian","Italian","Japanese","Korean","Lithuanian","Persian","Polish","Portuguese","Portuguese, Brazilian","Russian","Serbian","Slovenian","Spanish","Turkish","Ukrainian","Vietnamese"];String["Beautiful, Inspiring"];"Nov 2016"
Any["Chinese, Simplified","Croatian","Czech","Dutch","English","Greek","Portuguese, Brazilian","Spanish","Ukrainian","Vietnamese"];String["Beautiful, Courageous"];"Apr 2017"
Any["Albanian","Arabic","Bulgarian","Burmese","Chinese, Simplified","Chinese, Traditional","Croatian","Dutch","English","French","German","Greek","Hebrew","Hungarian","Italian","Japanese","Korean","Persian","Polish","Portuguese","Portuguese, Brazilian","Romanian","Russian","Serbian","Spanish","Swedish","Thai","Turkish","Ukrainian","Vietnamese"];String["Inspiring, Courageous"];"Nov 2011"
Any["Arabic","Bulgarian","Chinese, Simplified","Chinese, Traditional","Dutch","English","French","Hebrew","Hungarian","Italian","Japanese","Korean","Persian","Portuguese","Portuguese, Brazilian","Russian","Serbian","Spanish","Thai","Turkish","Vietnamese"];String["Inspiring, Fascinating"];"Feb 2016"
Any["Arabic","Bulgarian","Chinese, Simplified","Chinese, Traditional","Croatian","Czech","Dutch","English","Esperanto","French","German","Greek","Hebrew","Hungarian","Indonesian","Italian","Korean","Macedonian","Norwegian Bokmal","Persian","Portuguese","Portuguese, Brazilian","Russian","Serbian","Spanish","Swedish","Thai","Turkish","Vietnamese"];String["Informative, Inspiring"];"Dec 2015"
Any["Albanian","Arabic","Bengali","Bulgarian","Burmese","Catalan","Chinese, Simplified","Chinese, Traditional","Chinese, Yue","Croatian","Czech","Danish","Dutch","English","Esperanto","French","Galician","Greek","Hebrew","Hindi","Hungarian","Indonesian","Italian","Japanese","Korean","Latvian","Lithuanian","Macedonian","Nepali","Persian","Polish","Portuguese","Portuguese, Brazilian","Romanian","Russian","Serbian","Slovak","Spanish","Telugu","Thai","Turkish","Ukrainian","Urdu","Vietnamese"];String["Informative, Inspiring"];"Jan 2016"
Any["Albanian","Arabic","Bulgarian","Chinese, Simplified","Chinese, Traditional","Croatian","Czech","Dutch","English","French","French (Canada)","Galician","German","Greek","Hebrew","Hindi","Hungarian","Indonesian","Italian","Japanese","Korean","Lithuanian","Persian","Polish","Portuguese","Portuguese, Brazilian","Romanian","Russian","Serbian","Slovak","Spanish","Swedish","Tamil","Thai","Turkish","Ukrainian","Vietnamese"];String["Ingenious, Fascinating"];"Nov 2011"
Any["English","French","Portuguese, Brazilian"];String["Inspiring, Informative"];"Apr 2017"
Any["Arabic","Chinese, Simplified","Chinese, Traditional","Dutch","English","French","German","Hebrew","Hungarian","Indonesian","Italian","Japanese","Korean","Persian","Polish","Portuguese","Portuguese, Brazilian","Russian","Serbian","Spanish","Turkish","Ukrainian","Vietnamese"];String["Inspiring, Informative"];"Mar 2016"
Any["Arabic","Bulgarian","Chinese, Simplified","Chinese, Traditional","Czech","Dutch","English","French","German","Greek","Hebrew","Hungarian","Italian","Japanese","Korean","Persian","Polish","Portuguese, Brazilian","Romanian","Russian","Spanish","Turkish","Ukrainian","Vietnamese"];String["Informative, Courageous"];"Oct 2006"
Any["Albanian","Arabic","Bulgarian","Burmese","Chinese, Simplified","Chinese, Traditional","Croatian","Dutch","English","French","Georgian","German","Greek","Hebrew","Hindi","Hungarian","Indonesian","Italian","Japanese","Korean","Malay","Polish","Portuguese","Portuguese, Brazilian","Romanian","Russian","Spanish","Turkish","Vietnamese"];String["Persuasive, Fascinating"];"Oct 2006"
Any["Arabic","Bulgarian","Burmese","Chinese, Simplified","Chinese, Traditional","Czech","Dutch","English","French","Greek","Hebrew","Hungarian","Indonesian","Italian","Japanese","Korean","Persian","Polish","Portuguese","Portuguese, Brazilian","Romanian","Russian","Serbian","Spanish","Turkish","Ukrainian","Vietnamese"];String["Inspiring, Informative"];"Feb 2016"
Any["Arabic","Armenian","Azerbaijani","Bulgarian","Catalan","Chinese, Simplified","Chinese, Traditional","Croatian","Czech","Dutch","English","French","German","Greek","Hebrew","Hungarian","Indonesian","Italian","Japanese","Korean","Latvian","Persian","Polish","Portuguese","Portuguese, Brazilian","Romanian","Russian","Serbian","Spanish","Thai","Turkish","Vietnamese"];String["Fascinating, Inspiring"];"Nov 2011"
Any["Arabic","Bulgarian","Chinese, Simplified","Chinese, Traditional","Croatian","Dutch","English","French","German","Hebrew","Hungarian","Indonesian","Italian","Japanese","Korean","Persian","Polish","Portuguese","Portuguese, Brazilian","Romanian","Russian","Spanish","Turkish","Ukrainian","Vietnamese"];String["Inspiring, Courageous"];"Oct 2006"
Any["Arabic","Chinese, Traditional","Croatian","Dutch","English","French","Georgian","Hebrew","Hungarian","Japanese","Korean","Lithuanian","Persian","Portuguese","Portuguese, Brazilian","Russian","Serbian","Spanish","Turkish","Vietnamese"];String["Informative, Fascinating"];"Nov 2016"
Any["Arabic","Bulgarian","Chinese, Simplified","Chinese, Traditional","Dutch","English","Esperanto","Finnish","French","German","Greek","Hebrew","Italian","Japanese","Korean","Polish","Portuguese","Portuguese, Brazilian","Romanian","Russian","Spanish","Thai","Turkish","Vietnamese"];String["Inspiring, Persuasive"];"Oct 2006"
Any["Arabic","Bulgarian","Burmese","Chinese, Simplified","Chinese, Traditional","Croatian","Czech","Danish","Dutch","English","Estonian","Finnish","French","French (Canada)","Galician","German","Greek","Hebrew","Hungarian","Indonesian","Italian","Japanese","Korean","Persian","Polish","Portuguese","Portuguese, Brazilian","Romanian","Russian","Serbian","Slovak","Spanish","Swedish","Thai","Turkish","Ukrainian","Vietnamese"];String["Inspiring, Ingenious"];"Nov 2011"
Any["Arabic","Azerbaijani","Bulgarian","Chinese, Simplified","Chinese, Traditional","Czech","Dutch","English","Finnish","French","German","Greek","Hebrew","Hindi","Hungarian","Italian","Japanese","Korean","Macedonian","Persian","Polish","Portuguese","Portuguese, Brazilian","Romanian","Russian","Spanish","Turkish","Ukrainian"];String["Inspiring, Informative"];"Oct 2006"
Any["Burmese","English","German","Hungarian","Japanese","Korean","Persian","Portuguese","Portuguese, Brazilian","Russian","Serbian","Spanish","Swedish"];String["Informative, Persuasive"];"Mar 2017"
Any["Arabic","Bulgarian","Chinese, Simplified","Chinese, Traditional","Croatian","Czech","Danish","Dutch","English","French","German","Hebrew","Italian","Japanese","Korean","Polish","Portuguese, Brazilian","Russian","Serbian","Spanish","Thai","Turkish","Vietnamese"];String["Inspiring, Fascinating"];"Mar 2016"
Any["Albanian","Arabic","Bulgarian","Chinese, Simplified","Chinese, Traditional","Dutch","English","French","German","Greek","Hebrew","Indonesian","Italian","Japanese","Korean","Lithuanian","Polish","Portuguese","Portuguese, Brazilian","Romanian","Russian","Serbian","Slovak","Spanish","Thai","Turkish","Vietnamese"];String["Inspiring, Ingenious"];"Jul 2006"
Any["Arabic","Burmese","Chinese, Simplified","Chinese, Traditional","Chinese, Yue","Croatian","Czech","Dutch","English","French","German","Hebrew","Hungarian","Italian","Japanese","Korean","Lithuanian","Persian","Portuguese","Portuguese, Brazilian","Romanian","Russian","Serbian","Spanish","Swedish","Thai","Turkish","Ukrainian","Vietnamese"];String["Inspiring, Informative"];"Mar 2016"
Any["Arabic","English","French","Portuguese"];String["Beautiful, Inspiring"];"May 2017"
Any["Arabic","Bulgarian","Chinese, Traditional","Czech","Dutch","English","Hebrew","Hungarian","Italian","Korean","Persian","Portuguese","Portuguese, Brazilian","Russian","Serbian","Swedish","Ukrainian"];String["Informative, Fascinating"];"Mar 2017"
Any["Arabic","Dutch","English","French","Greek","Italian","Korean","Portuguese","Portuguese, Brazilian","Russian","Serbian","Spanish","Swedish","Ukrainian","Vietnamese"];String["Funny, Informative"];"Mar 2017"
Any["Arabic","Burmese","Chinese, Traditional","Croatian","Czech","English","French","Greek","Hebrew","Korean","Persian","Portuguese, Brazilian","Russian","Spanish","Swedish","Turkish"];String["Inspiring, Persuasive"];"Apr 2017"
Any["Albanian","Arabic","Chinese, Simplified","Chinese, Traditional","Czech","Dutch","English","French","German","Greek","Hebrew","Italian","Japanese","Korean","Latvian","Persian","Portuguese","Portuguese, Brazilian","Romanian","Russian","Serbian","Spanish","Swedish","Turkish","Vietnamese"];String["Inspiring, Beautiful"];"Mar 2016"
Any["Albanian","Arabic","Belarusian","Bulgarian","Burmese","Chinese, Simplified","Chinese, Traditional","Chinese, Yue","Croatian","Czech","Dutch","English","French","French (Canada)","Galician","German","Greek","Hebrew","Hungarian","Indonesian","Italian","Japanese","Korean","Kurdish","Lithuanian","Persian","Polish","Portuguese","Portuguese, Brazilian","Romanian","Russian","Serbian","Spanish","Swedish","Turkish","Ukrainian","Urdu","Vietnamese"];String["Informative, Inspiring"];"Feb 2016"
Any["Arabic","Burmese","English","French","Georgian","Hungarian","Korean","Persian","Polish","Portuguese","Portuguese, Brazilian","Russian","Spanish","Turkish","Vietnamese"];String["Inspiring, Informative"];"Feb 2017"
Any["Albanian","Arabic","Armenian","Bulgarian","Catalan","Chinese, Simplified","Chinese, Traditional","Chinese, Yue","Croatian","Czech","Danish","Dutch","English","French","Galician","German","Greek","Hebrew","Hungarian","Indonesian","Italian","Japanese","Korean","Lithuanian","Norwegian Bokmal","Persian","Polish","Portuguese","Portuguese, Brazilian","Romanian","Russian","Serbian","Slovak","Spanish","Swedish","Thai","Turkish","Ukrainian","Vietnamese"];String["Funny, Inspiring"];"Nov 2011"
Any["Albanian","Arabic","Bulgarian","Chinese, Simplified","Chinese, Traditional","Chinese, Yue","Croatian","Czech","Dutch","English","Finnish","French","German","Greek","Hebrew","Hungarian","Italian","Japanese","Korean","Persian","Polish","Portuguese","Portuguese, Brazilian","Romanian","Russian","Serbian","Spanish","Swedish","Turkish","Vietnamese"];String["Informative, Fascinating"];"Dec 2011"
Any["Arabic","Belarusian","Burmese","Chinese, Simplified","Chinese, Traditional","Croatian","Dutch","English","French","German","Greek","Hebrew","Hungarian","Indonesian","Italian","Japanese","Kazakh","Korean","Latvian","Malay","Marathi","Persian","Polish","Portuguese","Portuguese, Brazilian","Romanian","Russian","Serbian","Slovak","Spanish","Swedish","Telugu","Thai","Turkish","Ukrainian","Vietnamese"];String["Inspiring, Courageous"];"Dec 2015"
Any["English","Portuguese","Portuguese, Brazilian","Ukrainian","Vietnamese"];String["Inspiring, Beautiful"];"Apr 2017"
Any["Dutch","English","Hebrew","Japanese","Portuguese, Brazilian"];String["Inspiring, Courageous"];"Apr 2017"
Any["Arabic","Bulgarian","Chinese, Simplified","Chinese, Traditional","Croatian","Czech","Dutch","English","French","German","Greek","Hebrew","Indonesian","Italian","Japanese","Korean","Latvian","Persian","Polish","Portuguese","Portuguese, Brazilian","Romanian","Russian","Serbian","Spanish","Swedish","Thai","Turkish","Ukrainian","Vietnamese"];String["Inspiring, Courageous"];"Feb 2016"
Any["Arabic","Chinese, Simplified","Chinese, Traditional","Dutch","English","French","German","Hebrew","Hungarian","Indonesian","Italian","Japanese","Korean","Portuguese","Portuguese, Brazilian","Russian","Serbian","Spanish","Turkish","Vietnamese"];String["Informative, Persuasive"];"Feb 2016"
Any["English"];String["Funny, Informative"];"Mar 2017"
Any["Albanian","Arabic","Armenian","Bulgarian","Catalan","Chinese, Simplified","Chinese, Traditional","Croatian","Czech","Danish","Dutch","English","Finnish","French","German","Greek","Hebrew","Hungarian","Icelandic","Indonesian","Italian","Japanese","Korean","Kurdish","Latvian","Lithuanian","Macedonian","Mongolian","Persian","Polish","Portuguese","Portuguese, Brazilian","Romanian","Russian","Serbian","Slovak","Slovenian","Spanish","Swedish","Thai","Turkish","Ukrainian","Vietnamese"];String["Fascinating, Informative"];"Sep 2006"
Any["Arabic","Burmese","Chinese, Simplified","Chinese, Traditional","English","French","Georgian","German","Hebrew","Hungarian","Italian","Japanese","Korean","Persian","Polish","Portuguese","Portuguese, Brazilian","Russian","Serbian","Spanish","Swedish","Ukrainian","Vietnamese"];String["Informative, Fascinating"];"Nov 2016"
Any["English","Hebrew","Korean","Portuguese","Spanish","Vietnamese"];String["Informative, Persuasive"];"Apr 2017"
Any["Arabic","Chinese, Simplified","Chinese, Traditional","Chinese, Yue","English","French","German","Greek","Hebrew","Italian","Japanese","Korean","Polish","Portuguese","Portuguese, Brazilian","Russian","Serbian","Spanish","Thai","Turkish","Vietnamese"];String["Fascinating, Informative"];"Jan 2016"
Any["Croatian","Dutch","English","Greek","Japanese","Korean","Portuguese","Portuguese, Brazilian","Spanish"];String["Informative, Inspiring"];"Apr 2017"
Any["Arabic","Chinese, Simplified","Chinese, Traditional","English","French","German","Hebrew","Indonesian","Italian","Japanese","Korean","Persian","Portuguese","Portuguese, Brazilian","Russian","Serbian","Spanish","Thai","Ukrainian","Vietnamese"];String["Informative, Persuasive"];"Jan 2016"
Any["Chinese, Traditional","Dutch","English","French","Portuguese","Spanish"];String["Inspiring, Informative"];"May 2017"
Any["Arabic","Dutch","English","Hebrew","Italian","Japanese","Polish","Portuguese","Portuguese, Brazilian","Russian","Spanish","Turkish","Vietnamese"];String["Inspiring, Beautiful"];"Dec 2016"
Any["Arabic","Chinese, Simplified","Chinese, Traditional","Dutch","English","French","Galician","German","Hebrew","Italian","Japanese","Korean","Persian","Portuguese","Portuguese, Brazilian","Russian","Serbian","Spanish","Thai","Vietnamese"];String["Informative, Persuasive"];"Feb 2016"
Any["Arabic","Bulgarian","Catalan","Chinese, Simplified","Chinese, Traditional","Czech","Dutch","English","French","German","Hebrew","Italian","Japanese","Korean","Polish","Portuguese","Portuguese, Brazilian","Romanian","Russian","Spanish","Thai","Turkish"];String["Informative, Inspiring"];"Oct 2006"
Any["Arabic","Bulgarian","Chinese, Simplified","Chinese, Traditional","Czech","Dutch","English","French","Greek","Hungarian","Italian","Korean","Portuguese","Portuguese, Brazilian","Russian","Serbian","Spanish","Thai","Turkish","Ukrainian","Vietnamese"];String["Inspiring, Beautiful"];"Dec 2016"
Any["Arabic","Chinese, Simplified","Chinese, Traditional","Dutch","English","Esperanto","French","German","Greek","Hebrew","Hungarian","Italian","Japanese","Korean","Persian","Portuguese","Portuguese, Brazilian","Russian","Serbian","Spanish","Thai","Turkish","Vietnamese"];String["Informative, Fascinating"];"Jan 2016"
Any["English","Japanese","Korean","Portuguese","Serbian","Spanish","Vietnamese"];String["Fascinating, Inspiring"];"Apr 2017"
Any["Arabic","English","French","Italian","Portuguese","Portuguese, Brazilian","Turkish"];String["Beautiful, Courageous"];"Mar 2017"
Any["Arabic","Bulgarian","Chinese, Simplified","Chinese, Traditional","Croatian","Dutch","English","French","German","Greek","Hebrew","Hungarian","Italian","Japanese","Korean","Kurdish","Latvian","Persian","Polish","Portuguese","Portuguese, Brazilian","Romanian","Russian","Spanish","Turkish","Vietnamese"];String["Inspiring, Fascinating"];"Oct 2006"
Any["Arabic","Bulgarian","Chinese, Simplified","Chinese, Traditional","Dutch","English","French","German","Greek","Hebrew","Italian","Japanese","Korean","Norwegian Bokmal","Persian","Polish","Portuguese","Portuguese, Brazilian","Romanian","Russian","Serbian","Spanish","Turkish"];String["Inspiring, Courageous"];"Sep 2006"
Any["Arabic","Burmese","Chinese, Simplified","Chinese, Traditional","Croatian","Czech","Dutch","English","Esperanto","French","German","Greek","Hebrew","Hindi","Hungarian","Indonesian","Italian","Japanese","Korean","Lithuanian","Marathi","Persian","Portuguese","Portuguese, Brazilian","Romanian","Russian","Serbian","Slovak","Spanish","Swedish","Thai","Turkish","Vietnamese"];String["Inspiring, Ingenious"];"Nov 2016"
Any["Dutch","English","French","Hebrew","Japanese","Korean","Portuguese","Portuguese, Brazilian","Serbian","Ukrainian","Vietnamese"];String["Informative, Beautiful"];"Apr 2017"
Any["Arabic","Burmese","Chinese, Simplified","Chinese, Yue","Croatian","Czech","English","French","German","Hebrew","Hungarian","Japanese","Korean","Persian","Portuguese","Russian","Serbian","Turkish","Vietnamese"];String["Inspiring, Informative"];"Feb 2017"
Any["Arabic","Bulgarian","Chinese, Simplified","Chinese, Traditional","Dutch","English","French","German","Greek","Hebrew","Hungarian","Italian","Japanese","Korean","Latvian","Persian","Portuguese","Portuguese, Brazilian","Russian","Serbian","Spanish","Swedish","Turkish","Ukrainian","Vietnamese"];String["Fascinating, Informative"];"Feb 2016"
Any["English","Spanish"];String["Informative, Inspiring"];"Apr 2017"
Any["Arabic","Chinese, Simplified","Chinese, Traditional","Dutch","English","French","German","Hebrew","Italian","Japanese","Korean","Portuguese","Portuguese, Brazilian","Romanian","Russian","Spanish","Turkish","Vietnamese"];String["Fascinating, Inspiring"];"Dec 2015"
Any["Arabic","Belarusian","Bulgarian","Chinese, Simplified","Dutch","English","French","Georgian","Hebrew","Hungarian","Italian","Japanese","Korean","Mongolian","Polish","Portuguese, Brazilian","Russian","Serbian","Spanish","Swedish"];String["Inspiring, Courageous"];"Nov 2016"
Any["Arabic","Belarusian","Bulgarian","Chinese, Simplified","Chinese, Traditional","Czech","Dutch","English","French","German","Greek","Hebrew","Hungarian","Italian","Japanese","Korean","Macedonian","Malay","Persian","Portuguese, Brazilian","Russian","Serbian","Spanish","Turkish","Ukrainian","Vietnamese"];String["Informative, Fascinating"];"Jan 2016"
Any["Arabic","Bulgarian","Chinese, Simplified","Chinese, Traditional","Dutch","English","French","Georgian","Hebrew","Hindi","Hungarian","Italian","Japanese","Korean","Lithuanian","Portuguese","Portuguese, Brazilian","Russian","Serbian","Spanish","Thai","Ukrainian","Vietnamese"];String["Inspiring, Informative"];"Nov 2016"
Any["Albanian","Arabic","Armenian","Bulgarian","Chinese, Simplified","Chinese, Traditional","Chinese, Yue","Croatian","Czech","Dutch","English","French","German","Greek","Hebrew","Hungarian","Italian","Japanese","Korean","Persian","Polish","Portuguese","Portuguese, Brazilian","Romanian","Russian","Serbian","Slovak","Slovenian","Spanish","Swedish","Turkish","Ukrainian","Vietnamese"];String["Informative, Fascinating"];"Sep 2006"
Any["Arabic","Bulgarian","Chinese, Simplified","Chinese, Traditional","Czech","Dutch","English","French","German","Hebrew","Hungarian","Italian","Japanese","Korean","Polish","Portuguese","Portuguese, Brazilian","Romanian","Russian","Spanish","Vietnamese"];String["Inspiring, Informative"];"Oct 2006"
Any["Albanian","Arabic","Bulgarian","Chinese, Simplified","Chinese, Traditional","Croatian","Danish","Dutch","English","French","German","Greek","Hebrew","Hindi","Italian","Japanese","Korean","Persian","Polish","Portuguese, Brazilian","Romanian","Russian","Serbian","Slovak","Spanish","Turkish"];String["Inspiring, Informative"];"Oct 2006"
Any["Arabic","Belarusian","Bulgarian","Chinese, Simplified","Chinese, Traditional","Chinese, Yue","Croatian","Czech","Danish","Dutch","English","Finnish","French","French (Canada)","Galician","German","Greek","Hebrew","Hungarian","Indonesian","Italian","Japanese","Korean","Latvian","Lithuanian","Macedonian","Malay","Marathi","Mongolian","Persian","Polish","Portuguese","Portuguese, Brazilian","Romanian","Russian","Serbian","Slovenian","Spanish","Swedish","Thai","Turkish","Ukrainian","Vietnamese"];String["Funny, Ingenious"];"Jan 2016"
Any["Arabic","Bulgarian","Burmese","Chinese, Simplified","Chinese, Traditional","Danish","Dutch","English","French","German","Greek","Hebrew","Italian","Japanese","Korean","Lithuanian","Persian","Polish","Portuguese","Portuguese, Brazilian","Russian","Serbian","Slovak","Spanish","Swedish","Thai","Turkish","Ukrainian","Vietnamese"];String["Inspiring, Funny"];"Dec 2015"
Any["Arabic","Burmese","Chinese, Simplified","Chinese, Traditional","Croatian","Czech","Danish","Dutch","English","French","German","Hebrew","Hungarian","Italian","Japanese","Korean","Latvian","Macedonian","Persian","Polish","Portuguese","Portuguese, Brazilian","Romanian","Russian","Serbian","Spanish","Thai","Turkish","Ukrainian","Vietnamese"];String["Beautiful, Inspiring"];"Dec 2015"
Any["Arabic","Chinese, Simplified","Chinese, Traditional","English","French","German","Greek","Hebrew","Italian","Japanese","Korean","Persian","Polish","Portuguese","Portuguese, Brazilian","Russian","Serbian","Spanish","Turkish","Vietnamese"];String["Inspiring, Courageous"];"Dec 2015"
Any["Albanian","Arabic","Bulgarian","Chinese, Simplified","Chinese, Traditional","Croatian","Czech","Dutch","English","French","German","Hebrew","Hungarian","Indonesian","Italian","Japanese","Korean","Persian","Polish","Portuguese","Portuguese, Brazilian","Romanian","Russian","Spanish","Turkish","Ukrainian","Vietnamese"];String["Jaw-dropping, Ingenious"];"Aug 2006"
Any["Arabic","Bulgarian","Chinese, Simplified","Chinese, Traditional","Czech","Dutch","English","French","Hebrew","Italian","Japanese","Korean","Persian","Polish","Portuguese, Brazilian","Romanian","Russian","Spanish","Turkish","Vietnamese"];String["Inspiring, Courageous"];"Jul 2006"
Any["Arabic","Bulgarian","Chinese, Simplified","Chinese, Traditional","Croatian","Czech","Dutch","English","French","German","Greek","Hebrew","Hindi","Hungarian","Indonesian","Italian","Japanese","Korean","Mongolian","Persian","Polish","Portuguese","Portuguese, Brazilian","Romanian","Russian","Serbian","Slovak","Spanish","Thai","Turkish","Vietnamese"];String["Jaw-dropping, Beautiful"];"Aug 2006"
Any["Arabic","Chinese, Simplified","Chinese, Traditional","Czech","Dutch","English","French","Hebrew","Hindi","Hungarian","Italian","Japanese","Korean","Lithuanian","Persian","Portuguese","Portuguese, Brazilian","Romanian","Russian","Serbian","Spanish","Thai","Turkish","Ukrainian","Vietnamese"];String["Informative, Fascinating"];"Jan 2016"
Any["Albanian","Arabic","Belarusian","Bosnian","Bulgarian","Burmese","Chinese, Simplified","Chinese, Traditional","Croatian","Czech","Dutch","English","French","German","Greek","Hebrew","Hindi","Indonesian","Italian","Japanese","Korean","Lithuanian","Macedonian","Malayalam","Persian","Polish","Portuguese","Portuguese, Brazilian","Romanian","Russian","Serbian","Spanish","Thai","Turkish","Ukrainian","Vietnamese"];String["Fascinating, Informative"];"Jan 2016"
Any["Arabic","Bulgarian","Burmese","Chinese, Simplified","Chinese, Traditional","Croatian","Czech","Dutch","English","French","German","Greek","Hebrew","Hungarian","Italian","Japanese","Korean","Kurdish","Latvian","Lithuanian","Persian","Polish","Portuguese","Portuguese, Brazilian","Romanian","Russian","Serbian","Spanish","Swedish","Turkish","Ukrainian","Vietnamese"];String["Informative, Inspiring"];"Aug 2006"
Any["Albanian","Arabic","Bosnian","Bulgarian","Chinese, Simplified","Chinese, Traditional","Croatian","Czech","Dutch","English","French","Galician","German","Hebrew","Hungarian","Indonesian","Italian","Japanese","Korean","Marathi","Persian","Polish","Portuguese","Portuguese, Brazilian","Romanian","Russian","Serbian","Spanish","Swedish","Thai","Turkish","Ukrainian","Vietnamese"];String["Fascinating, Informative"];"Feb 2016"
Any["Bulgarian","Chinese, Simplified","Chinese, Traditional","Chinese, Yue","Dutch","English","French","German","Greek","Hebrew","Hungarian","Indonesian","Italian","Japanese","Korean","Lithuanian","Persian","Polish","Portuguese","Portuguese, Brazilian","Romanian","Russian","Serbian","Spanish","Swedish","Thai","Turkish","Ukrainian","Vietnamese"];String["Inspiring, Fascinating"];"Mar 2016"
Any["Arabic","Bosnian","Chinese, Simplified","Chinese, Traditional","Dutch","English","French","Georgian","German","Hebrew","Italian","Japanese","Korean","Persian","Portuguese","Portuguese, Brazilian","Russian","Spanish","Swedish","Thai","Turkish","Ukrainian","Vietnamese"];String["Informative, Persuasive"];"Nov 2016"
Any["Albanian","Arabic","Armenian","Bengali","Bulgarian","Burmese","Catalan","Chinese, Simplified","Chinese, Traditional","Croatian","Czech","Danish","Dutch","English","Finnish","French","French (Canada)","Galician","German","Greek","Hebrew","Hungarian","Icelandic","Indonesian","Italian","Japanese","Kazakh","Korean","Latvian","Lithuanian","Luxembourgish","Macedonian","Nepali","Persian","Polish","Portuguese","Portuguese, Brazilian","Romanian","Russian","Serbian","Slovak","Slovenian","Spanish","Swedish","Tamil","Thai","Turkish","Ukrainian","Vietnamese"];String["Funny, Ingenious"];"Nov 2011"
Any["Arabic","Bengali","Bulgarian","Chinese, Simplified","Chinese, Traditional","Croatian","Czech","Dutch","English","French","German","Greek","Hebrew","Italian","Japanese","Korean","Lithuanian","Persian","Polish","Portuguese","Portuguese, Brazilian","Romanian","Russian","Serbian","Spanish","Swedish","Turkish","Vietnamese"];String["Beautiful, Inspiring"];"Nov 2011"
Any["Arabic","Chinese, Simplified","Croatian","Dutch","English","French","German","Indonesian","Italian","Japanese","Korean","Macedonian","Persian","Portuguese","Portuguese, Brazilian","Romanian","Serbian","Spanish","Turkish"];String["Informative, Inspiring"];"Nov 2016"
Any["Arabic","English","Portuguese","Portuguese, Brazilian","Russian","Serbian","Spanish","Ukrainian"];String["Informative, Persuasive"];"Apr 2017"
Any["Arabic","Burmese","Czech","English","French","Hebrew","Hungarian","Portuguese, Brazilian","Russian","Spanish","Swedish","Ukrainian"];String["Informative, Fascinating"];"Feb 2017"
Any["English","Spanish"];String["Beautiful, Fascinating"];"May 2017"
Any["Arabic","Bulgarian","Chinese, Simplified","Chinese, Traditional","Dutch","English","French","Hebrew","Italian","Japanese","Korean","Polish","Portuguese","Portuguese, Brazilian","Romanian","Russian","Spanish","Turkish","Ukrainian"];String["Ingenious, Inspiring"];"Jul 2006"
Any["Arabic","English","French","Hebrew","Portuguese","Portuguese, Brazilian","Vietnamese"];String["Informative, Inspiring"];"Mar 2017"
Any["Arabic","Bengali","English","French","Hebrew","Japanese","Persian","Portuguese","Romanian","Russian","Serbian","Spanish","Ukrainian"];String["Inspiring, Persuasive"];"Mar 2017"
Any["Arabic","Belarusian","Bulgarian","Burmese","Chinese, Simplified","Chinese, Traditional","Croatian","Czech","Dutch","English","Esperanto","Finnish","French","German","Greek","Hebrew","Hindi","Hungarian","Italian","Japanese","Korean","Macedonian","Marathi","Persian","Portuguese","Portuguese, Brazilian","Romanian","Russian","Serbian","Slovak","Spanish","Swedish","Telugu","Thai","Turkish","Ukrainian","Vietnamese"];String["Informative, Inspiring"];"Feb 2016"
Any["Arabic","Bulgarian","Chinese, Simplified","Chinese, Traditional","Croatian","Czech","Dutch","English","Finnish","French","German","Greek","Hebrew","Hungarian","Indonesian","Italian","Japanese","Korean","Lithuanian","Marathi","Persian","Polish","Portuguese","Portuguese, Brazilian","Romanian","Russian","Spanish","Turkish","Ukrainian","Urdu","Vietnamese"];String["Funny, Courageous"];"Jul 2006"
Any["Arabic","Chinese, Simplified","Dutch","English","French","Galician","Hebrew","Italian","Japanese","Korean","Persian","Portuguese","Portuguese, Brazilian","Russian","Spanish","Turkish","Ukrainian","Vietnamese"];String["Inspiring, Informative"];"Nov 2016"
Any["Bulgarian","Chinese, Traditional","English","French","Persian","Spanish"];String["Inspiring, Beautiful"];"May 2017"
Any["English","Korean","Russian","Spanish","Thai"];String["Persuasive, Informative"];"Mar 2017"
Any["English","Italian","Portuguese","Russian"];String["Informative, Fascinating"];"May 2017"
Any["Croatian","Dutch","English","French","Greek","Hebrew","Italian","Portuguese, Brazilian","Romanian","Russian","Spanish","Swedish"];String["Beautiful, Inspiring"];"Mar 2017"
Any["Chinese, Simplified","Dutch","English","Hungarian","Portuguese, Brazilian","Serbian","Thai"];String["Informative, Fascinating"];"Apr 2017"
Any["Arabic","Burmese","English","Greek","Hebrew","Portuguese, Brazilian","Russian","Serbian","Spanish","Ukrainian","Vietnamese"];String["Informative, Inspiring"];"Mar 2017"
Any["Afrikaans","Albanian","Arabic","Armenian","Azerbaijani","Basque","Belarusian","Bengali","Bulgarian","Catalan","Chinese, Simplified","Chinese, Traditional","Croatian","Czech","Danish","Dutch","English","Esperanto","Estonian","Filipino","Finnish","French","French (Canada)","Galician","Georgian","German","Greek","Hebrew","Hungarian","Indonesian","Ingush","Italian","Japanese","Korean","Lao","Latvian","Lithuanian","Macedonian","Marathi","Mongolian","Nepali","Norwegian Bokmal","Persian","Polish","Portuguese","Portuguese, Brazilian","Romanian","Russian","Serbian","Slovak","Slovenian","Spanish","Swedish","Thai","Turkish","Ukrainian","Urdu","Uzbek","Vietnamese"];String["Inspiring, Funny"];"Jun 2006"
Any["Chinese, Simplified","Chinese, Traditional","Croatian","Dutch","English","French","Hebrew","Italian","Japanese","Korean","Persian","Polish","Portuguese","Portuguese, Brazilian","Russian","Serbian","Spanish","Thai","Turkish"];String["Informative, Inspiring"];"Dec 2016"
Any["Arabic","Bulgarian","Burmese","Chinese, Simplified","Chinese, Traditional","Czech","English","French","Hebrew","Hungarian","Italian","Korean","Persian","Russian","Spanish","Thai","Ukrainian","Vietnamese"];String["Informative, Inspiring"];"Dec 2016"
Any["Chinese, Simplified","Chinese, Traditional","English","French","German","Italian","Japanese","Korean","Persian","Polish","Portuguese","Portuguese, Brazilian","Russian","Spanish","Swedish","Vietnamese"];String["Informative, Inspiring"];"Nov 2016"
Any["Arabic","Bulgarian","Burmese","Chinese, Traditional","Czech","Dutch","English","French","German","Hungarian","Japanese","Korean","Persian","Portuguese","Portuguese, Brazilian","Romanian","Russian","Serbian","Slovak","Turkish","Ukrainian"];String["Informative, Inspiring"];"Feb 2017"
Any["Arabic","Bulgarian","Chinese, Simplified","Chinese, Traditional","Croatian","Dutch","English","French","French (Canada)","German","Hebrew","Hungarian","Italian","Japanese","Korean","Kurdish","Polish","Portuguese","Portuguese, Brazilian","Romanian","Russian","Spanish","Turkish","Vietnamese"];String["Inspiring, Informative"];"Jul 2006"
Any["Arabic","Bulgarian","Chinese, Simplified","Chinese, Traditional","Dutch","English","Finnish","French","German","Greek","Hebrew","Hungarian","Italian","Japanese","Korean","Latvian","Mongolian","Persian","Polish","Portuguese","Portuguese, Brazilian","Russian","Serbian","Spanish","Thai","Ukrainian","Vietnamese"];String["Funny, Fascinating"];"Mar 2016"
Any["Bulgarian","English","French","Hebrew","Spanish"];String["Informative, Persuasive"];"May 2017"
Any["Arabic","Bulgarian","Chinese, Simplified","Chinese, Traditional","Dutch","English","French","Galician","German","Hebrew","Italian","Japanese","Korean","Persian","Polish","Portuguese","Portuguese, Brazilian","Russian","Serbian","Spanish","Thai","Turkish","Vietnamese"];String["Informative, Beautiful"];"Mar 2016"
Any["Arabic","Bulgarian","Burmese","Chinese, Simplified","Croatian","Czech","Dutch","English","French","Georgian","German","Hebrew","Hungarian","Italian","Japanese","Korean","Marathi","Nepali","Persian","Polish","Portuguese","Portuguese, Brazilian","Russian","Serbian","Slovenian","Spanish","Swedish","Turkish","Ukrainian","Vietnamese"];String["Inspiring, Informative"];"Dec 2016"
Any["Arabic","Bulgarian","Burmese","Catalan","Chinese, Simplified","Chinese, Traditional","English","French","German","Greek","Hebrew","Hungarian","Italian","Japanese","Korean","Latvian","Lithuanian","Persian","Polish","Portuguese","Portuguese, Brazilian","Romanian","Russian","Serbian","Slovenian","Spanish","Swedish","Turkish","Ukrainian","Vietnamese"];String["Inspiring, Beautiful"];"Feb 2016"
Any["English","French","Hebrew","Hungarian","Italian"];String["Informative, Inspiring"];"Apr 2017"
Any["Algerian Arabic","Arabic","Bulgarian","Burmese","Catalan","Chinese, Simplified","Chinese, Traditional","Chinese, Yue","Croatian","Czech","Dutch","English","Finnish","French","German","Greek","Hebrew","Hungarian","Italian","Japanese","Korean","Lithuanian","Norwegian Bokmal","Persian","Polish","Portuguese","Portuguese, Brazilian","Romanian","Russian","Serbian","Slovak","Spanish","Thai","Turkish","Ukrainian","Vietnamese"];String["Inspiring, Informative"];"Dec 2015"
Any["English"];String["Inspiring, Courageous"];"May 2017"
Any["Albanian","Arabic","Bulgarian","Chinese, Simplified","Chinese, Yue","Croatian","Czech","Danish","Dutch","English","French","French (Canada)","German","Greek","Hebrew","Hungarian","Italian","Japanese","Korean","Persian","Polish","Portuguese","Portuguese, Brazilian","Romanian","Russian","Serbian","Slovak","Slovenian","Spanish","Thai","Turkish","Ukrainian","Vietnamese"];String["Ingenious, Inspiring"];"Dec 2011"
Any["Arabic","Bulgarian","Burmese","Chinese, Traditional","Croatian","Czech","English","French","Greek","Hebrew","Hungarian","Japanese","Latvian","Persian","Portuguese","Portuguese, Brazilian","Romanian","Russian","Spanish","Swedish","Ukrainian","Vietnamese"];String["Inspiring, Fascinating"];"Mar 2017"
Any["Arabic","Burmese","Catalan","Chinese, Simplified","Chinese, Traditional","Dutch","English","Esperanto","French","Greek","Hebrew","Hungarian","Italian","Japanese","Korean","Latvian","Persian","Polish","Portuguese","Portuguese, Brazilian","Russian","Serbian","Slovenian","Spanish","Swedish","Turkish","Ukrainian","Vietnamese"];String["Beautiful, Inspiring"];"Mar 2016"
Any["Arabic","Bengali","Bulgarian","Catalan","Chinese, Simplified","Chinese, Traditional","Croatian","Czech","Dutch","English","Finnish","French","German","Hebrew","Hindi","Hungarian","Italian","Japanese","Kannada","Korean","Persian","Polish","Portuguese","Portuguese, Brazilian","Romanian","Russian","Slovak","Spanish","Swahili","Tamil","Telugu","Thai","Turkish","Urdu","Vietnamese"];String["Inspiring, Courageous"];"Jun 2006"
Any["Arabic","Bulgarian","Chinese, Simplified","Chinese, Traditional","Croatian","Czech","Dutch","English","Finnish","French","French (Canada)","German","Greek","Hebrew","Hungarian","Indonesian","Italian","Japanese","Korean","Kurdish","Lithuanian","Macedonian","Persian","Polish","Portuguese","Portuguese, Brazilian","Romanian","Russian","Serbian","Slovak","Slovenian","Spanish","Swedish","Thai","Turkish","Ukrainian","Vietnamese"];String["Fascinating, Informative"];"Sep 2006"
Any["Arabic","Basque","Bulgarian","Chinese, Simplified","Chinese, Traditional","Dutch","English","French","Hebrew","Italian","Japanese","Korean","Persian","Polish","Portuguese","Portuguese, Brazilian","Romanian","Russian","Spanish","Turkish","Vietnamese"];String["Informative, Inspiring"];"Nov 2016"
Any["Albanian","Arabic","Armenian","Bulgarian","Burmese","Catalan","Chinese, Simplified","Chinese, Traditional","Croatian","Czech","Danish","Dutch","English","Filipino","French","French (Canada)","German","Greek","Hebrew","Hindi","Hungarian","Indonesian","Italian","Japanese","Kazakh","Korean","Latvian","Macedonian","Persian","Polish","Portuguese","Portuguese, Brazilian","Romanian","Russian","Serbian","Slovak","Spanish","Swedish","Tamil","Thai","Turkish","Ukrainian","Vietnamese"];String["Funny, Ingenious"];"Nov 2011"
Any["Arabic","English","French","Hungarian","Korean","Polish","Portuguese","Portuguese, Brazilian","Russian","Spanish","Turkish","Ukrainian","Vietnamese"];String["Informative, Inspiring"];"Mar 2017"
Any["Arabic","Bulgarian","Chinese, Simplified","Chinese, Traditional","Croatian","Czech","Dutch","English","French","German","Greek","Hebrew","Hungarian","Indonesian","Italian","Japanese","Korean","Persian","Polish","Portuguese","Portuguese, Brazilian","Romanian","Russian","Serbian","Slovak","Spanish","Thai","Turkish","Ukrainian","Vietnamese"];String["Fascinating, Informative"];"Nov 2011"
Any["Arabic","Bulgarian","Chinese, Simplified","Chinese, Traditional","Dutch","English","French","German","Greek","Hebrew","Italian","Japanese","Korean","Persian","Polish","Portuguese","Portuguese, Brazilian","Romanian","Russian","Serbian","Spanish","Turkish","Ukrainian","Vietnamese"];String["Inspiring, Courageous"];"Feb 2016"
Any["Arabic","Bulgarian","Chinese, Traditional","Czech","Dutch","English","French","Hebrew","Hungarian","Italian","Korean","Persian","Polish","Portuguese","Portuguese, Brazilian","Russian","Spanish","Turkish","Vietnamese"];String["Courageous, Inspiring"];"Mar 2017"
Any["Arabic","Bulgarian","Burmese","Chinese, Simplified","Chinese, Traditional","Dutch","English","French","German","Greek","Hebrew","Hungarian","Indonesian","Italian","Japanese","Korean","Marathi","Nepali","Persian","Portuguese","Portuguese, Brazilian","Russian","Serbian","Spanish","Swedish","Turkish","Ukrainian","Vietnamese"];String["Inspiring, Courageous"];"Jan 2016"
Any["Arabic","Chinese, Simplified","Chinese, Traditional","Dutch","English","French","Hebrew","Italian","Japanese","Korean","Portuguese","Portuguese, Brazilian","Russian","Serbian","Spanish","Turkish","Ukrainian","Vietnamese"];String["Inspiring, Courageous"];"Jan 2016"
Any["Arabic","Bulgarian","Chinese, Simplified","Chinese, Traditional","Danish","English","Finnish","French","German","Greek","Hebrew","Hungarian","Italian","Japanese","Korean","Persian","Portuguese, Brazilian","Romanian","Russian","Serbian","Spanish","Swedish","Turkish","Ukrainian","Vietnamese"];String["Fascinating, Inspiring"];"Mar 2016"
Any["Chinese, Simplified","Chinese, Traditional","Dutch","English","French","Greek","Hungarian","Korean","Persian","Portuguese","Portuguese, Brazilian"];String["Courageous, Inspiring"];"Mar 2017"
Any["Albanian","Arabic","Armenian","Azerbaijani","Bulgarian","Chinese, Simplified","Chinese, Traditional","Croatian","Czech","Danish","Dutch","English","Finnish","French","Georgian","German","Greek","Hebrew","Hindi","Hungarian","Italian","Japanese","Korean","Kurdish","Latvian","Lithuanian","Norwegian Bokmal","Persian","Polish","Portuguese","Portuguese, Brazilian","Romanian","Russian","Serbian","Slovak","Slovenian","Spanish","Swedish","Thai","Turkish","Vietnamese"];String["Funny, Persuasive"];"Nov 2006"
Any["Bulgarian","Burmese","English","French","Hebrew","Hungarian","Lithuanian","Mongolian","Portuguese","Portuguese, Brazilian","Russian","Serbian","Spanish","Turkish","Ukrainian","Vietnamese"];String["Inspiring, Courageous"];"Mar 2017"
Any["Arabic","Chinese, Simplified","Chinese, Traditional","Dutch","English","French","German","Greek","Hebrew","Indonesian","Italian","Japanese","Korean","Norwegian Bokmal","Portuguese","Portuguese, Brazilian","Russian","Serbian","Spanish","Swedish","Turkish","Vietnamese"];String["Informative, Persuasive"];"Feb 2016"
Any["English","French","Hebrew","Hungarian","Italian","Portuguese","Portuguese, Brazilian","Russian","Serbian","Spanish","Turkish","Ukrainian"];String["Informative, Persuasive"];"Mar 2017"
Any["Chinese, Simplified","Dutch","English","French","Hebrew","Japanese","Korean","Polish","Portuguese","Serbian","Spanish"];String["Informative, Fascinating"];"Mar 2017"
Any["English","Japanese","Portuguese","Portuguese, Brazilian","Russian"];String["Informative, Fascinating"];"Apr 2017"
Any["Arabic","Bulgarian","Burmese","Chinese, Simplified","Chinese, Traditional","Dutch","English","French","German","Greek","Hebrew","Indonesian","Italian","Japanese","Korean","Kurdish","Lithuanian","Polish","Portuguese, Brazilian","Romanian","Russian","Serbian","Spanish","Turkish","Vietnamese"];String["Inspiring, Informative"];"Aug 2006"
Any["Arabic","Chinese, Simplified","Chinese, Traditional","Chinese, Yue","Croatian","English","French","German","Hebrew","Italian","Japanese","Korean","Lithuanian","Polish","Portuguese","Portuguese, Brazilian","Romanian","Russian","Serbian","Spanish","Turkish","Ukrainian","Vietnamese"];String["Fascinating, Inspiring"];"Jan 2016"
Any["Albanian","Arabic","Bulgarian","Burmese","Chinese, Simplified","Chinese, Traditional","Czech","Dutch","English","French","Galician","German","Greek","Hebrew","Hungarian","Italian","Japanese","Korean","Lithuanian","Persian","Portuguese","Portuguese, Brazilian","Russian","Serbian","Spanish","Swedish","Thai","Turkish","Ukrainian","Vietnamese"];String["Informative, Fascinating"];"Jan 2016"
Any["Arabic","Chinese, Simplified","Chinese, Traditional","Croatian","Czech","Dutch","English","French","Galician","German","Greek","Hebrew","Hindi","Indonesian","Italian","Japanese","Korean","Marathi","Persian","Polish","Portuguese","Portuguese, Brazilian","Romanian","Russian","Serbian","Slovenian","Spanish","Swedish","Thai","Ukrainian","Vietnamese"];String["Inspiring, Informative"];"Feb 2016"
Any["Arabic","Chinese, Simplified","Chinese, Traditional","Croatian","Dutch","English","French","German","Greek","Hebrew","Hungarian","Italian","Japanese","Korean","Portuguese","Portuguese, Brazilian","Russian","Spanish","Thai","Turkish","Urdu","Vietnamese"];String["Informative, Persuasive"];"Dec 2015"
Any["Bulgarian","Chinese, Traditional","Czech","Dutch","English","Hebrew","Italian","Korean","Persian","Polish","Portuguese","Portuguese, Brazilian","Russian","Spanish"];String["Informative, Inspiring"];"Mar 2017"
Any["Arabic","Belarusian","Bulgarian","Chinese, Simplified","Chinese, Traditional","Croatian","Dutch","English","French","German","Greek","Hebrew","Italian","Japanese","Korean","Mongolian","Norwegian Bokmal","Polish","Portuguese","Portuguese, Brazilian","Romanian","Russian","Spanish","Turkish","Ukrainian","Vietnamese"];String["Inspiring, Beautiful"];"Apr 2017"
Any["Arabic","Chinese, Simplified","Chinese, Traditional","Croatian","Dutch","English","French","German","Greek","Hebrew","Hungarian","Italian","Japanese","Korean","Persian","Polish","Portuguese","Portuguese, Brazilian","Romanian","Russian","Serbian","Spanish","Thai","Turkish","Ukrainian","Vietnamese"];String["Fascinating, Informative"];"Feb 2016"
Any["Arabic","Chinese, Simplified","Danish","Dutch","English","French","Georgian","Hebrew","Japanese","Korean","Persian","Portuguese","Portuguese, Brazilian","Russian","Turkish","Ukrainian","Vietnamese"];String["Informative, Fascinating"];"Dec 2016"
Any["Albanian","Arabic","Bulgarian","Burmese","Chinese, Simplified","Chinese, Traditional","Czech","Dutch","English","French","German","Hebrew","Hindi","Hungarian","Italian","Japanese","Korean","Kurdish","Macedonian","Persian","Polish","Portuguese","Portuguese, Brazilian","Romanian","Russian","Serbian","Spanish","Swedish","Tamil","Telugu","Thai","Turkish","Ukrainian","Vietnamese"];String["Inspiring, Courageous"];"Mar 2016"
Any["Arabic","Azerbaijani","Bulgarian","Catalan","Chinese, Simplified","Chinese, Traditional","Czech","Danish","Dutch","English","Finnish","French","Georgian","German","Greek","Hebrew","Hungarian","Indonesian","Italian","Japanese","Korean","Lithuanian","Marathi","Norwegian Bokmal","Persian","Polish","Portuguese","Portuguese, Brazilian","Romanian","Russian","Serbian","Slovak","Spanish","Swedish","Turkish","Vietnamese"];String["Fascinating, Inspiring"];"Sep 2006"
Any["Arabic","Bulgarian","Chinese, Simplified","Chinese, Traditional","English","French","German","Hebrew","Italian","Japanese","Korean","Kurdish","Polish","Portuguese","Portuguese, Brazilian","Romanian","Russian","Spanish","Turkish","Vietnamese"];String["Ingenious, Informative"];"Oct 2006"
Any["English","Serbian","Vietnamese"];String["Informative, Fascinating"];"May 2017"
Any["Arabic","Belarusian","Bulgarian","Burmese","Chinese, Simplified","Chinese, Traditional","Croatian","Czech","Danish","Dutch","English","Estonian","French","German","Greek","Hebrew","Hindi","Hungarian","Indonesian","Italian","Japanese","Korean","Latvian","Lithuanian","Macedonian","Mongolian","Persian","Portuguese","Portuguese, Brazilian","Romanian","Russian","Serbian","Slovak","Slovenian","Spanish","Swedish","Telugu","Thai","Turkish","Ukrainian","Uzbek","Vietnamese"];String["Inspiring, Beautiful"];"Dec 2015"
Any["Arabic","Bulgarian","Chinese, Simplified","Chinese, Traditional","Dutch","English","French","German","Hebrew","Hungarian","Italian","Japanese","Korean","Polish","Portuguese","Portuguese, Brazilian","Romanian","Russian","Spanish","Turkish","Ukrainian","Vietnamese"];String["Inspiring, Beautiful"];"Aug 2006"
Any["Albanian","Arabic","Bulgarian","Chinese, Simplified","Chinese, Traditional","Czech","Dutch","English","French","Galician","German","Greek","Hebrew","Hungarian","Indonesian","Italian","Japanese","Korean","Marathi","Persian","Portuguese","Portuguese, Brazilian","Romanian","Russian","Serbian","Spanish","Thai","Turkish","Vietnamese"];String["Informative, Fascinating"];"Mar 2016"
Any["English","Spanish"];String["Inspiring, Informative"];"May 2017"
Any["Arabic","Chinese, Simplified","Chinese, Traditional","Croatian","Dutch","English","French","Greek","Hebrew","Italian","Japanese","Korean","Persian","Polish","Portuguese","Portuguese, Brazilian","Russian","Spanish","Turkish","Ukrainian"];String["Inspiring, Informative"];"Dec 2016"
Any["Arabic","Basque","Chinese, Simplified","Chinese, Traditional","Dutch","English","French","German","Hebrew","Hungarian","Italian","Japanese","Korean","Persian","Portuguese","Portuguese, Brazilian","Russian","Serbian","Spanish","Swedish","Ukrainian"];String["Inspiring, Funny"];"Nov 2016"
Any["Arabic","Chinese, Simplified","Dutch","English","French","Hebrew","Italian","Korean","Portuguese","Portuguese, Brazilian","Russian","Spanish","Thai"];String["Persuasive, Inspiring"];"Nov 2011"
Any["Croatian","Dutch","English","French","German","Italian","Marathi","Spanish"];String["Courageous, Inspiring"];"May 2017"
Any["Bulgarian","Burmese","Chinese, Simplified","Czech","Dutch","English","French","German","Hebrew","Italian","Kazakh","Korean","Persian","Polish","Portuguese","Portuguese, Brazilian","Romanian","Serbian","Spanish","Swahili","Thai","Turkish","Ukrainian"];String["Beautiful, Inspiring"];"Mar 2017"
Any["Bulgarian","Dutch","English","French","German","Italian","Japanese","Portuguese","Vietnamese"];String["Beautiful, Inspiring"];"Dec 2011"
Any["Arabic","Bulgarian","Chinese, Simplified","Chinese, Traditional","Croatian","Dutch","English","French","German","Hebrew","Italian","Japanese","Korean","Polish","Portuguese","Portuguese, Brazilian","Romanian","Russian","Serbian","Spanish","Turkish"];String["Informative, Inspiring"];"Oct 2006"
Any["Arabic","Burmese","Chinese, Simplified","Chinese, Traditional","English","French","German","Hebrew","Hungarian","Indonesian","Italian","Japanese","Korean","Persian","Portuguese","Portuguese, Brazilian","Romanian","Russian","Spanish","Swedish","Turkish","Vietnamese"];String["Fascinating, Ingenious"];"Feb 2016"
Any["Croatian","English","French","Russian","Spanish"];String["Informative, Persuasive"];"Apr 2017"
Any["Arabic","Chinese, Simplified","Chinese, Traditional","Czech","Danish","Dutch","English","French","German","Hebrew","Hungarian","Italian","Japanese","Korean","Lithuanian","Persian","Portuguese","Portuguese, Brazilian","Romanian","Russian","Serbian","Spanish","Swedish","Turkish","Vietnamese"];String["Informative, Fascinating"];"Jan 2016"
Any["English","Italian","Korean"];String["Inspiring, Beautiful"];"Apr 2017"
Any["Chinese, Simplified","English","Hindi","Marathi","Spanish"];String["Inspiring, Beautiful"];"May 2017"
Any["Albanian","Arabic","Bulgarian","Burmese","Chinese, Simplified","Chinese, Traditional","Croatian","Dutch","English","French","German","Greek","Hebrew","Hungarian","Italian","Japanese","Korean","Persian","Polish","Portuguese","Portuguese, Brazilian","Romanian","Russian","Serbian","Spanish","Swedish","Turkish","Vietnamese"];String["Inspiring, Beautiful"];"Feb 2016"
Any["Czech","Dutch","English","French","Hebrew","Italian","Portuguese, Brazilian","Serbian","Spanish"];String["Beautiful, Inspiring"];"Apr 2017"
Any["Chinese, Traditional","English","Portuguese, Brazilian","Spanish"];String["Inspiring, Informative"];"Apr 2017"
Any["Arabic","Bulgarian","Burmese","Chinese, Simplified","Chinese, Traditional","Croatian","Dutch","English","French","German","Greek","Hebrew","Italian","Japanese","Korean","Lithuanian","Persian","Polish","Portuguese, Brazilian","Russian","Serbian","Spanish","Turkish","Vietnamese"];String["Beautiful, Fascinating"];"Oct 2016"
Any["Albanian","Danish","English","French","Greek","Hungarian","Italian","Korean","Russian","Serbian"];String["Inspiring, Persuasive"];"Mar 2017"
Any["Arabic","Bulgarian","Chinese, Simplified","Chinese, Traditional","Dutch","English","French","German","Greek","Hebrew","Hungarian","Italian","Japanese","Korean","Persian","Polish","Portuguese","Portuguese, Brazilian","Romanian","Russian","Serbian","Spanish","Turkish","Ukrainian","Vietnamese"];String["Inspiring, Informative"];"Dec 2011"
Any["Czech","Dutch","English","French","Hungarian","Italian","Japanese","Korean","Portuguese","Portuguese, Brazilian","Serbian","Ukrainian"];String["Informative, Persuasive"];"Feb 2017"
Any["Albanian","Arabic","Bulgarian","Chinese, Simplified","Chinese, Traditional","Croatian","Czech","Dutch","English","French","Galician","German","Hebrew","Indonesian","Italian","Japanese","Korean","Macedonian","Persian","Polish","Portuguese","Portuguese, Brazilian","Romanian","Russian","Serbian","Slovak","Spanish","Turkish","Ukrainian","Vietnamese"];String["Inspiring, Beautiful"];"Dec 2011"
Any["Albanian","Arabic","Bulgarian","Burmese","Chinese, Traditional","Dutch","English","German","Greek","Hungarian","Japanese","Korean","Portuguese, Brazilian","Spanish","Thai","Turkish"];String["Informative, Courageous"];"Apr 2017"
Any["Arabic","Azerbaijani","Belarusian","Bulgarian","Burmese","Catalan","Chinese, Simplified","Chinese, Traditional","Croatian","Czech","Dutch","English","French","Georgian","German","Greek","Hebrew","Hungarian","Italian","Japanese","Korean","Latvian","Norwegian Bokmal","Persian","Polish","Portuguese","Portuguese, Brazilian","Romanian","Russian","Serbian","Spanish","Thai","Turkish","Ukrainian","Urdu","Vietnamese"];String["Informative, Fascinating"];"Nov 2016"
Any["Arabic","Bulgarian","Chinese, Simplified","Chinese, Traditional","Croatian","Czech","Dutch","English","French","German","Greek","Hebrew","Hungarian","Italian","Japanese","Korean","Persian","Polish","Portuguese","Portuguese, Brazilian","Romanian","Russian","Serbian","Spanish","Turkish"];String["Informative, Funny"];"Sep 2006"
Any["English"];String["Informative, Fascinating"];"May 2017"
Any["Arabic","Basque","Chinese, Simplified","Chinese, Traditional","Dutch","English","French","Georgian","German","Hebrew","Indonesian","Italian","Korean","Polish","Portuguese","Portuguese, Brazilian","Russian","Spanish","Swedish","Thai","Turkish","Ukrainian","Vietnamese"];String["Courageous, Inspiring"];"Nov 2016"
Any["Arabic","Bulgarian","Burmese","Chinese, Simplified","Chinese, Traditional","English","French","Galician","German","Greek","Hebrew","Italian","Japanese","Korean","Portuguese","Portuguese, Brazilian","Russian","Serbian","Spanish","Thai","Turkish","Vietnamese"];String["Informative, Inspiring"];"Jan 2016"
Any["Arabic","Chinese, Simplified","Croatian","Czech","Dutch","English","French","Greek","Hindi","Hungarian","Italian","Japanese","Korean","Persian","Portuguese","Portuguese, Brazilian","Romanian","Russian","Serbian","Slovak","Spanish","Swedish","Thai","Turkish","Ukrainian","Vietnamese"];String["Informative, Fascinating"];"Oct 2016"
Any["English"];String["Informative, Ingenious"];"May 2017"
Any["Arabic","Bulgarian","Chinese, Simplified","Chinese, Traditional","Czech","Dutch","English","Estonian","French","French (Canada)","German","Greek","Hebrew","Italian","Japanese","Korean","Latvian","Persian","Polish","Portuguese","Portuguese, Brazilian","Romanian","Russian","Serbian","Slovak","Spanish","Thai","Turkish","Ukrainian","Vietnamese"];String["Beautiful, Inspiring"];"Feb 2016"
Any["Albanian","Arabic","Bulgarian","Burmese","Chinese, Simplified","Chinese, Traditional","Croatian","Czech","Danish","Dutch","English","French","German","Greek","Hebrew","Hungarian","Indonesian","Italian","Japanese","Kazakh","Korean","Lithuanian","Mongolian","Persian","Polish","Portuguese","Portuguese, Brazilian","Romanian","Russian","Serbian","Slovak","Spanish","Thai","Turkish","Ukrainian","Urdu","Uyghur","Vietnamese"];String["Inspiring, Funny"];"Nov 2011"
Any["Arabic","Bulgarian","Chinese, Simplified","Chinese, Traditional","Chinese, Yue","Dutch","English","French","German","Greek","Hebrew","Hungarian","Indonesian","Italian","Japanese","Korean","Malay","Persian","Polish","Portuguese","Portuguese, Brazilian","Romanian","Russian","Serbian","Slovak","Spanish","Swedish","Thai","Turkish","Ukrainian","Vietnamese"];String["Inspiring, Informative"];"Jan 2016"
Any["Albanian","Arabic","Chinese, Simplified","Chinese, Traditional","Croatian","Dutch","English","French","German","Hungarian","Italian","Japanese","Korean","Persian","Portuguese, Brazilian","Romanian","Russian","Serbian","Spanish","Thai","Turkish","Ukrainian"];String["Inspiring, Beautiful"];"Nov 2016"
Any["Arabic","Bulgarian","Burmese","Catalan","Chinese, Simplified","Chinese, Traditional","Croatian","Czech","Danish","Dutch","English","Finnish","French","French (Canada)","German","Greek","Hebrew","Hungarian","Indonesian","Italian","Japanese","Korean","Latvian","Lithuanian","Marathi","Mongolian","Persian","Polish","Portuguese","Portuguese, Brazilian","Romanian","Russian","Serbian","Spanish","Swedish","Thai","Turkish","Ukrainian","Urdu","Vietnamese"];String["Funny, Inspiring"];"Mar 2016"
Any["Arabic","Chinese, Simplified","Dutch","English","French","Japanese","Korean","Portuguese, Brazilian","Serbian","Slovenian","Spanish","Swedish","Turkish"];String["Beautiful, Inspiring"];"Dec 2016"
Any["Burmese","Chinese, Simplified","Chinese, Traditional","Dutch","English","French","Greek","Hebrew","Japanese","Korean","Portuguese","Portuguese, Brazilian","Turkish","Ukrainian"];String["Funny, Informative"];"Apr 2017"
Any["Albanian","Arabic","Armenian","Bulgarian","Chinese, Simplified","Chinese, Traditional","Croatian","Czech","Dutch","English","French","Georgian","German","Greek","Hebrew","Hungarian","Italian","Japanese","Korean","Kurdish","Macedonian","Norwegian Bokmal","Persian","Polish","Portuguese","Portuguese, Brazilian","Romanian","Russian","Serbian","Slovak","Spanish","Thai","Turkish","Ukrainian","Vietnamese"];String["Inspiring, Persuasive"];"Jun 2006"
Any["Arabic","Chinese, Simplified","Chinese, Traditional","Czech","Danish","Dutch","Dzongkha","English","French","Greek","Hebrew","Italian","Japanese","Korean","Nepali","Persian","Polish","Portuguese","Portuguese, Brazilian","Romanian","Russian","Serbian","Spanish","Swedish","Thai","Turkish","Vietnamese"];String["Inspiring, Beautiful"];"Mar 2016"
Any["Arabic","Chinese, Simplified","Chinese, Traditional","Croatian","Dutch","English","Esperanto","French","Georgian","German","Hebrew","Italian","Japanese","Korean","Persian","Polish","Portuguese","Portuguese, Brazilian","Russian","Spanish","Ukrainian","Vietnamese"];String["Informative, Inspiring"];"Dec 2016"
Any["Arabic","Chinese, Traditional","Croatian","English","French","French (Canada)","German","Hebrew","Hungarian","Italian","Japanese","Korean","Mongolian","Persian","Polish","Portuguese, Brazilian","Russian","Serbian","Spanish","Turkish","Ukrainian","Vietnamese"];String["Inspiring, Courageous"];"Nov 2016"
Any["Arabic","Bulgarian","Chinese, Simplified","Chinese, Traditional","Danish","Dutch","English","French","German","Hebrew","Hungarian","Indonesian","Italian","Japanese","Korean","Macedonian","Persian","Polish","Portuguese","Portuguese, Brazilian","Romanian","Russian","Serbian","Spanish","Swedish","Turkish","Ukrainian","Vietnamese"];String["Inspiring, Courageous"];"Jan 2016"
Any["English","French","Hebrew","Hungarian"];String["Informative, Persuasive"];"May 2017"
Any["Albanian","Arabic","Bulgarian","Chinese, Simplified","Chinese, Traditional","Chinese, Yue","Croatian","Danish","Dutch","English","Finnish","French","Galician","Georgian","German","Greek","Hebrew","Hungarian","Indonesian","Italian","Japanese","Korean","Macedonian","Persian","Portuguese","Portuguese, Brazilian","Romanian","Russian","Serbian","Spanish","Swedish","Ukrainian","Vietnamese"];String["Informative, Inspiring"];"Jan 2016"
Any["Albanian","Arabic","Bulgarian","Chinese, Simplified","Chinese, Traditional","Croatian","Czech","Dutch","English","French","German","Greek","Hebrew","Hungarian","Italian","Japanese","Korean","Latvian","Persian","Polish","Portuguese","Portuguese, Brazilian","Romanian","Russian","Serbian","Slovak","Slovenian","Spanish","Turkish","Ukrainian","Vietnamese"];String["Fascinating, Ingenious"];"Dec 2011"
Any["Dutch","English","French","Greek","Hebrew","Italian","Korean","Persian","Portuguese","Russian","Serbian"];String["Informative, Fascinating"];"Feb 2017"
Any["Arabic","Bulgarian","Chinese, Simplified","Chinese, Traditional","Croatian","Danish","Dutch","English","French","German","Hebrew","Italian","Japanese","Korean","Lithuanian","Polish","Portuguese","Portuguese, Brazilian","Romanian","Russian","Serbian","Slovenian","Spanish","Turkish","Ukrainian","Vietnamese"];String["Funny, Ingenious"];"Aug 2006"
